team,player_id,player_name,AVG,G,PA,AB,R,H,2B,3B,HR,TB,RBI,SB,CS,SAC,SF,BB,IBB,HBP,SO,GDP,SLG,OBP,E,SB%,MH,OPS,RISP,PH-BA,SBA,power,contact,batting_eye,speed,style
LG,68119,문성주,0.317,117,466,407,48,129,19,1,2,156,58,4,3,0,9,46,0,4,53,7,0.383,0.384,1,57.1,38,0.767,0.342,0.167,7,0.523,0.944,0.948,0.56,3
LG,65207,신민재,0.316,117,461,393,78,124,13,6,1,152,47,14,8,6,2,57,0,3,47,5,0.387,0.404,12,63.6,32,0.791,0.392,0.5,22,0.512,0.949,1.0,0.69,1
LG,55164,박관우,0.308,27,42,39,9,12,1,0,2,19,11,0,0,0,0,3,0,0,8,1,0.487,0.357,1,0.0,0,0.844,0.357,0.4,0,0.523,0.59,0.595,0.5,4
LG,52103,최원영,0.307,106,98,88,33,27,4,0,0,31,2,8,4,3,1,2,0,4,15,3,0.352,0.347,0,66.7,2,0.699,0.235,0.667,12,0.5,0.862,0.784,0.603,2
LG,76290,김현수,0.296,123,484,422,56,125,21,0,11,179,81,4,0,0,1,58,0,3,62,10,0.424,0.384,3,100.0,30,0.808,0.357,0.4,4,0.628,0.957,0.985,0.534,0
LG,53123,오스틴,0.291,98,419,357,67,104,18,1,25,199,74,2,0,0,9,51,7,2,55,8,0.557,0.375,6,100.0,28,0.932,0.276,0.0,2,0.791,0.857,0.883,0.517,0
LG,69102,문보경,0.29,124,541,458,83,133,19,1,24,226,105,3,1,0,9,70,3,4,85,11,0.493,0.383,15,75.0,37,0.876,0.287,0.333,4,0.779,0.958,0.983,0.534,0
LG,69100,구본혁,0.282,117,362,312,37,88,16,2,1,111,35,9,5,11,0,34,1,5,38,3,0.356,0.362,6,64.3,24,0.718,0.281,0.0,14,0.512,0.922,0.926,0.621,1
LG,62415,박해민,0.272,126,476,383,67,104,16,2,3,133,40,44,14,21,4,60,0,8,80,6,0.347,0.378,1,75.9,24,0.725,0.208,0.0,58,0.535,0.95,0.975,1.0,1
LG,66108,홍창기,0.269,38,169,134,24,36,3,0,1,42,15,2,0,2,3,24,0,6,35,4,0.313,0.395,0,100.0,8,0.708,0.188,0.0,2,0.512,0.626,0.659,0.517,4
LG,79365,박동원,0.251,121,453,390,50,98,20,0,19,175,64,4,0,3,5,53,4,2,109,8,0.449,0.34,5,100.0,26,0.789,0.232,0.143,4,0.721,0.903,0.87,0.534,2
LG,52105,김성우,0.25,6,4,4,0,1,0,0,0,1,1,0,0,0,0,0,0,0,1,0,0.25,0.25,0,0.0,0,0.5,0.333,0.0,0,0.5,0.517,0.523,0.5,4
LG,50054,천성호,0.242,74,186,161,23,39,9,2,1,55,15,3,1,3,0,17,0,5,29,2,0.342,0.333,4,75.0,8,0.675,0.222,0.111,4,0.512,0.741,0.739,0.534,3
LG,79109,오지환,0.233,109,398,347,46,81,18,1,13,140,47,9,5,6,6,36,0,3,101,4,0.403,0.306,7,64.3,17,0.709,0.255,0.333,14,0.651,0.847,0.771,0.621,0
LG,52154,이주헌,0.224,69,152,125,20,28,3,0,4,43,9,0,0,2,0,17,0,8,30,1,0.344,0.353,4,0.0,5,0.697,0.111,0.25,0,0.547,0.717,0.736,0.5,3
LG,68110,송찬의,0.211,66,166,147,18,31,9,1,3,51,20,2,2,1,1,9,0,8,49,4,0.347,0.291,1,50.0,7,0.638,0.237,0.273,4,0.535,0.69,0.63,0.534,4
LG,51100,이영빈,0.206,39,71,68,11,14,1,1,3,26,7,1,0,1,1,1,0,0,33,1,0.382,0.214,0,100.0,1,0.596,0.222,0.0,1,0.535,0.595,0.515,0.509,4
LG,66162,김주성,0.2,16,17,15,3,3,0,0,1,6,1,0,2,0,0,1,0,1,2,0,0.4,0.294,1,0.0,0,0.694,0.0,0.25,2,0.512,0.548,0.558,0.517,4
LG,54156,손용준,0.2,9,16,15,3,3,0,0,0,3,1,1,0,0,0,0,0,1,5,2,0.2,0.25,1,100.0,0,0.45,0.25,0.0,1,0.5,0.523,0.524,0.509,4
LG,50108,함창건,0.188,15,36,32,2,6,2,0,0,8,2,0,0,0,1,3,0,0,9,1,0.25,0.25,0,0.0,1,0.5,0.1,0.2,0,0.5,0.54,0.544,0.5,4
LG,67504,김민수,0.182,13,13,11,0,2,0,0,0,2,1,1,0,0,1,1,0,0,6,0,0.182,0.231,0,100.0,0,0.413,0.0,0.0,1,0.5,0.53,0.525,0.509,4
LG,52121,문정빈,0.167,21,33,30,5,5,0,0,2,11,4,0,0,0,0,1,0,2,11,0,0.367,0.242,0,0.0,1,0.609,0.1,0.333,0,0.523,0.553,0.536,0.5,4
LG,55167,김영우,0.0,4,0,0,0,0,0,0,0,0,0,0,0,0,0,0,0,0,0,0,0.0,0.0,0,0.0,0,0.0,0.0,0.0,0,0.5,,,0.5,3
LG,75867,김진성,0.0,5,0,0,0,0,0,0,0,0,0,0,0,0,0,0,0,0,0,0,0.0,0.0,0,0.0,0,0.0,0.0,0.0,0,0.5,,,0.5,3
LG,54166,김현종,0.0,2,1,1,0,0,0,0,0,0,0,0,0,0,0,0,0,0,1,0,0.0,0.0,0,0.0,0,0.0,0.0,0.0,0,0.5,0.501,0.508,0.5,4
LG,53139,박명근,0.0,5,0,0,0,0,0,0,0,0,0,0,0,0,0,0,0,0,0,0,0.0,0.0,0,0.0,0,0.0,0.0,0.0,0,0.5,,,0.5,3
LG,65109,백승현,0.0,3,0,0,0,0,0,0,0,0,0,0,0,0,0,0,0,0,0,0,0.0,0.0,0,0.0,0,0.0,0.0,0.0,0,0.5,,,0.5,3
LG,51526,우강훈,0.0,2,0,0,0,0,0,0,0,0,0,0,0,0,0,0,0,0,0,0,0.0,0.0,0,0.0,0,0.0,0.0,0.0,0,0.5,,,0.5,3
LG,50106,유영찬,0.0,10,2,1,0,0,0,0,0,0,0,0,0,0,0,1,0,0,0,0,0.0,0.5,0,0.0,0,0.5,0.0,0.0,0,0.5,0.528,0.603,0.5,4
LG,61145,이우찬,0.0,1,0,0,0,0,0,0,0,0,0,0,0,0,0,0,0,0,0,0,0.0,0.0,0,0.0,0,0.0,0.0,0.0,0,0.5,,,0.5,3
HH,55712,이승현,1.0,4,1,1,1,1,0,1,0,3,1,0,0,0,0,0,0,0,0,0,3.0,1.0,0,0.0,0,4.0,1.0,1.0,0,0.5,0.526,0.551,0.5,4
HH,51762,장규현,1.0,2,2,1,1,1,0,0,0,1,0,0,0,0,0,1,0,0,0,0,1.0,1.0,0,0.0,0,2.0,0.0,0.0,0,0.5,0.513,0.543,0.5,4
HH,55703,리베라토,0.331,46,200,181,30,60,14,1,8,100,29,1,0,0,2,17,0,0,37,2,0.552,0.385,3,100.0,17,0.937,0.405,0.0,1,0.593,0.664,0.667,0.509,3
HH,53764,문현빈,0.317,123,514,457,58,145,27,1,12,210,68,16,5,5,10,34,2,8,74,9,0.46,0.367,3,76.2,45,0.827,0.271,0.25,21,0.64,0.962,0.902,0.681,2
HH,79192,채은성,0.299,115,453,415,51,124,26,1,19,209,80,1,2,3,0,25,4,10,78,4,0.504,0.353,6,33.3,36,0.857,0.356,0.0,3,0.721,0.915,0.838,0.526,2
HH,62700,하주석,0.294,80,247,221,27,65,12,0,2,83,20,1,1,11,0,10,0,5,52,9,0.376,0.339,2,50.0,20,0.715,0.333,0.1,2,0.523,0.769,0.707,0.517,2
HH,77532,손아섭,0.287,98,365,328,33,94,19,3,1,122,41,0,4,4,1,31,2,1,51,2,0.372,0.349,0,0.0,20,0.721,0.313,0.143,4,0.512,0.849,0.826,0.534,2
HH,66657,이진영,0.28,99,329,289,43,81,13,0,9,121,38,1,4,0,5,33,0,2,86,8,0.419,0.353,2,20.0,19,0.772,0.25,0.286,5,0.605,0.83,0.793,0.543,2
HH,78288,최재훈,0.277,105,300,231,23,64,10,0,1,77,27,1,1,9,5,39,0,16,39,3,0.333,0.409,3,50.0,14,0.742,0.333,0.0,2,0.512,0.876,0.948,0.517,3
HH,55734,플로리얼,0.271,65,285,258,36,70,18,2,8,116,29,13,3,0,2,24,2,1,65,2,0.45,0.333,5,81.3,21,0.783,0.222,0.0,16,0.593,0.715,0.688,0.638,2
HH,66704,김태연,0.261,104,308,276,37,72,15,0,3,96,19,5,2,6,0,20,0,6,58,8,0.348,0.325,5,71.4,18,0.673,0.175,0.067,7,0.535,0.845,0.783,0.56,2
HH,54795,황영묵,0.253,100,253,229,32,58,16,0,1,77,14,1,3,1,1,19,0,2,34,4,0.336,0.315,5,25.0,15,0.651,0.226,0.4,4,0.512,0.833,0.797,0.534,2
HH,52704,이상혁,0.25,34,10,8,12,2,1,0,0,3,2,3,4,1,0,0,0,1,2,0,0.375,0.333,0,42.9,0,0.708,0.25,0.0,7,0.5,0.605,0.585,0.56,4
HH,65703,이도윤,0.247,97,242,219,24,54,10,3,1,73,33,1,0,9,3,9,1,2,46,5,0.333,0.279,4,100.0,11,0.612,0.25,0.333,1,0.512,0.808,0.703,0.509,2
HH,69737,노시환,0.244,125,539,468,87,114,22,2,27,221,83,13,4,0,3,59,10,9,114,17,0.472,0.338,16,76.5,30,0.81,0.271,0.0,17,0.814,0.924,0.887,0.647,0
HH,50707,최인호,0.234,68,144,124,5,29,6,0,1,38,14,1,0,1,1,13,0,5,27,5,0.306,0.329,0,100.0,4,0.635,0.25,0.286,1,0.512,0.713,0.709,0.509,3
HH,52769,권광민,0.222,6,9,9,1,2,1,0,0,3,0,0,0,0,0,0,0,0,1,1,0.333,0.222,0,0.0,0,0.555,0.0,0.333,0,0.5,0.517,0.525,0.5,4
HH,52764,허인서,0.214,11,15,14,2,3,1,0,0,4,2,0,0,0,0,0,0,1,7,1,0.286,0.267,1,0.0,0,0.553,0.286,0.333,0,0.5,0.527,0.52,0.5,4
HH,64006,심우준,0.21,77,228,205,30,43,7,1,2,58,19,10,0,6,1,13,0,3,42,4,0.283,0.266,7,100.0,5,0.549,0.211,0.0,10,0.523,0.734,0.671,0.586,3
HH,76812,이재원,0.195,87,138,118,3,23,1,1,1,29,11,1,1,5,3,11,0,1,23,3,0.246,0.263,6,50.0,2,0.509,0.147,0.0,2,0.512,0.757,0.712,0.517,3
HH,68700,이원석,0.188,110,199,170,48,32,5,0,4,49,20,21,3,4,1,20,0,4,44,4,0.288,0.287,1,87.5,8,0.575,0.154,0.5,24,0.547,0.822,0.781,0.707,1
HH,79608,안치홍,0.168,55,172,155,8,26,4,0,1,33,15,1,0,3,1,13,1,0,37,4,0.213,0.231,1,100.0,4,0.444,0.25,0.3,1,0.512,0.652,0.612,0.509,4
HH,50704,임종찬,0.167,17,35,30,2,5,1,0,1,9,2,2,0,0,0,5,0,0,13,0,0.3,0.286,1,100.0,1,0.586,0.2,0.0,2,0.512,0.543,0.553,0.517,4
HH,69766,유로결,0.154,20,16,13,1,2,0,0,0,2,0,1,0,2,0,0,0,1,4,0,0.154,0.214,0,100.0,0,0.368,0.0,0.0,1,0.5,0.551,0.532,0.509,4
HH,66715,김인환,0.08,10,26,25,2,2,0,0,1,5,3,0,0,0,0,1,0,0,9,1,0.2,0.115,2,0.0,0,0.315,0.167,0.0,0,0.512,0.52,0.515,0.5,4
HH,53754,김서현,0.0,3,0,0,0,0,0,0,0,0,0,0,0,0,0,0,0,0,0,0,0.0,0.0,0,0.0,0,0.0,0.0,0.0,0,0.5,,,0.5,3
HH,50711,김승일,0.0,1,0,0,0,0,0,0,0,0,0,0,0,0,0,0,0,0,0,0,0.0,0.0,0,0.0,0,0.0,0.0,0.0,0,0.5,,,0.5,3
HH,63765,김종수,0.0,1,0,0,0,0,0,0,0,0,0,0,0,0,0,0,0,0,0,0,0.0,0.0,0,0.0,0,0.0,0.0,0.0,0,0.5,,,0.5,3
HH,67703,박상원,0.0,1,0,0,0,0,0,0,0,0,0,0,0,0,0,0,0,0,0,0,0.0,0.0,0,0.0,0,0.0,0.0,0.0,0,0.5,,,0.5,3
HH,50709,박정현,0.0,2,2,2,0,0,0,0,0,0,0,0,0,0,0,0,0,0,1,0,0.0,0.0,0,0.0,0,0.0,0.0,0.0,0,0.5,0.502,0.512,0.5,4
LT,55530,박찬형,0.354,34,110,96,16,34,7,2,2,51,13,0,1,0,1,7,1,6,19,1,0.531,0.427,4,0.0,8,0.958,0.381,0.75,1,0.523,0.624,0.636,0.509,4
LT,54529,레이예스,0.329,128,569,505,65,166,38,1,12,242,95,7,1,0,8,54,16,2,59,21,0.479,0.39,2,87.5,54,0.869,0.39,0.0,8,0.64,1.0,0.997,0.569,2
LT,68205,전민재,0.291,88,321,289,35,84,15,0,3,108,28,3,2,8,2,19,0,3,58,6,0.374,0.339,13,60.0,24,0.713,0.264,0.0,5,0.535,0.804,0.751,0.543,2
LT,78513,전준우,0.288,104,432,375,47,108,26,1,7,157,64,2,1,3,6,40,1,8,63,9,0.419,0.364,0,66.7,27,0.783,0.345,0.25,3,0.581,0.875,0.863,0.526,2
LT,69517,고승민,0.286,106,471,413,63,118,18,2,4,152,41,4,1,4,4,47,1,3,74,6,0.368,0.36,6,80.0,34,0.728,0.242,0.0,5,0.547,0.882,0.867,0.543,2
LT,55563,박재엽,0.286,9,16,14,2,4,1,0,1,8,3,0,0,0,0,2,0,0,5,0,0.571,0.375,1,0.0,1,0.946,0.2,0.0,0,0.512,0.528,0.544,0.5,4
LT,52591,윤동희,0.282,83,337,277,45,78,16,1,6,114,43,4,2,3,5,44,2,8,48,11,0.412,0.389,2,66.7,20,0.801,0.309,0.5,6,0.57,0.795,0.839,0.552,3
LT,62931,노진혁,0.278,21,60,54,10,15,1,2,1,23,5,0,0,0,0,5,0,1,19,0,0.426,0.35,2,0.0,2,0.776,0.188,0.333,0,0.512,0.564,0.567,0.5,4
LT,61102,유강남,0.273,108,344,297,34,81,18,0,5,114,38,0,0,3,5,26,0,13,64,11,0.384,0.352,2,0.0,18,0.736,0.209,0.417,0,0.558,0.869,0.83,0.5,2
LT,52568,한태양,0.272,94,224,195,35,53,12,1,1,70,18,3,2,3,0,24,0,2,59,3,0.359,0.357,5,60.0,10,0.716,0.263,0.333,5,0.512,0.806,0.788,0.543,2
LT,68507,장두성,0.268,102,274,239,47,64,3,3,0,73,25,15,5,7,2,23,0,3,62,3,0.305,0.337,3,75.0,19,0.642,0.277,0.0,20,0.5,0.836,0.789,0.672,2
LT,50500,황성빈,0.261,66,232,211,37,55,4,2,1,66,18,22,3,3,1,15,0,2,40,2,0.313,0.314,3,88.0,17,0.627,0.222,0.0,25,0.512,0.717,0.684,0.716,2
LT,77564,김민성,0.247,83,221,186,20,46,9,0,2,61,29,0,1,2,1,28,1,4,36,6,0.328,0.356,5,0.0,10,0.684,0.231,0.273,1,0.523,0.774,0.805,0.509,3
LT,51551,나승엽,0.242,91,348,289,36,70,12,2,8,110,42,0,0,3,1,50,1,5,57,10,0.381,0.362,7,0.0,13,0.743,0.293,0.5,0,0.593,0.807,0.851,0.5,3
LT,50150,손호영,0.238,85,329,286,33,68,8,0,4,88,34,6,0,11,4,19,0,9,61,9,0.308,0.302,16,100.0,20,0.61,0.299,0.0,6,0.547,0.775,0.713,0.552,3
LT,54598,이호준,0.231,88,142,121,19,28,6,4,3,51,19,1,0,3,1,14,0,3,28,3,0.421,0.324,8,100.0,5,0.745,0.286,0.0,1,0.535,0.774,0.764,0.509,3
LT,52504,김동혁,0.225,87,114,89,19,20,4,1,0,26,6,13,4,4,0,18,0,3,26,3,0.292,0.373,0,76.5,4,0.665,0.235,0.0,17,0.5,0.769,0.831,0.647,1
LT,60523,정훈,0.222,73,195,180,14,40,11,0,2,57,11,0,0,2,0,10,1,3,38,4,0.317,0.275,2,0.0,7,0.592,0.149,0.1,0,0.523,0.722,0.662,0.5,3
LT,68518,정보근,0.198,80,141,121,4,24,4,1,1,33,15,0,0,3,0,16,1,1,35,4,0.273,0.297,2,0.0,3,0.57,0.3,0.0,0,0.512,0.731,0.715,0.5,3
LT,62802,박승욱,0.19,49,87,79,9,15,3,0,0,18,5,1,1,2,0,5,0,1,27,0,0.228,0.247,2,50.0,2,0.475,0.207,0.0,2,0.5,0.632,0.58,0.517,4
LT,69508,신윤후,0.143,4,8,7,1,1,0,0,0,1,0,1,0,1,0,0,0,0,2,0,0.143,0.143,0,100.0,0,0.286,0.0,0.0,1,0.5,0.509,0.517,0.509,4
LT,52516,조세진,0.143,9,8,7,1,1,0,0,0,1,0,0,0,0,0,1,0,0,4,0,0.143,0.25,0,0.0,0,0.393,0.0,0.0,0,0.5,0.519,0.527,0.5,4
LT,51528,손성빈,0.135,35,41,37,4,5,0,0,1,8,3,0,0,1,0,2,0,1,13,1,0.216,0.2,1,0.0,0,0.416,0.091,0.0,0,0.512,0.583,0.544,0.5,4
LT,55506,한승현,0.059,19,19,17,1,1,0,0,0,1,1,1,1,0,1,1,0,0,6,0,0.059,0.105,0,50.0,0,0.164,0.0,0.0,2,0.5,0.538,0.517,0.517,4
LT,54567,강성우,0.0,1,0,0,0,0,0,0,0,0,0,0,1,0,0,0,0,0,0,0,0.0,0.0,0,0.0,0,0.0,0.0,0.0,1,0.5,,,0.509,3
LT,54506,강승구,0.0,1,1,1,0,0,0,0,0,0,0,0,0,0,0,0,0,0,0,0,0.0,0.0,0,0.0,0,0.0,0.0,0.0,0,0.5,0.501,0.517,0.5,4
LT,63543,구승민,0.0,1,0,0,0,0,0,0,0,0,0,0,0,0,0,0,0,0,0,0,0.0,0.0,0,0.0,0,0.0,0.0,0.0,0,0.5,,,0.5,3
LT,65522,김강현,0.0,1,0,0,0,0,0,0,0,0,0,0,0,0,0,0,0,0,0,0,0.0,0.0,0,0.0,0,0.0,0.0,0.0,0,0.5,,,0.5,3
LT,76430,김상수,0.0,1,0,0,0,0,0,0,0,0,0,0,0,0,0,0,0,0,0,0,0.0,0.0,0,0.0,0,0.0,0.0,0.0,0,0.5,,,0.5,3
LT,62528,김원중,0.0,7,0,0,0,0,0,0,0,0,0,0,0,0,0,0,0,0,0,0,0.0,0.0,0,0.0,0,0.0,0.0,0.0,0,0.5,,,0.5,3
SS,69207,김태근,0.333,11,14,12,2,4,0,0,0,4,0,0,0,0,0,2,0,0,4,0,0.333,0.429,0,0.0,0,0.762,0.0,0.5,0,0.5,0.537,0.558,0.5,4
SS,67449,김성윤,0.325,108,454,388,74,126,25,9,4,181,49,24,6,9,2,52,0,3,48,9,0.466,0.407,2,80.0,36,0.873,0.38,0.4,30,0.547,0.916,0.955,0.759,1
SS,62404,구자욱,0.317,124,539,463,93,147,39,1,16,236,79,4,1,1,8,62,7,5,79,9,0.51,0.398,3,80.0,41,0.908,0.331,0.333,5,0.686,0.973,0.989,0.543,0
SS,54400,디아즈,0.3,125,546,483,80,145,24,0,43,298,131,1,0,0,10,49,7,4,89,13,0.617,0.363,4,100.0,39,0.98,0.338,1.0,1,1.0,0.961,0.919,0.509,0
SS,69418,박승규,0.287,64,200,174,39,50,5,0,6,73,14,5,4,1,0,21,0,4,43,2,0.42,0.377,1,55.6,12,0.797,0.2,0.143,9,0.57,0.716,0.724,0.578,3
SS,69442,김도환,0.286,6,14,14,3,4,1,0,0,5,1,0,0,0,0,0,0,0,4,0,0.357,0.286,0,0.0,1,0.643,1.0,0.0,0,0.5,0.518,0.524,0.5,4
SS,62234,류지혁,0.282,111,409,351,49,99,13,0,1,115,35,11,4,13,4,30,0,11,63,10,0.328,0.354,4,73.3,27,0.682,0.244,0.25,15,0.512,0.893,0.854,0.629,2
SS,50458,김지찬,0.278,72,306,259,50,72,6,2,0,82,19,17,2,8,2,33,0,4,28,6,0.317,0.366,0,89.5,18,0.683,0.271,0.0,19,0.5,0.757,0.784,0.664,1
SS,74540,강민호,0.275,109,403,356,33,98,20,0,11,151,64,2,2,0,7,33,4,7,56,12,0.424,0.342,1,50.0,21,0.766,0.346,0.3,4,0.628,0.883,0.851,0.534,2
SS,54408,양도근,0.268,100,188,157,19,42,5,0,0,47,16,4,1,10,1,18,0,2,38,3,0.299,0.348,5,80.0,12,0.647,0.25,0.286,5,0.5,0.829,0.814,0.543,2
SS,65586,전병우,0.266,48,83,64,11,17,1,0,1,21,8,1,0,0,0,18,0,1,23,1,0.328,0.434,1,100.0,2,0.762,0.313,0.333,1,0.512,0.655,0.73,0.509,3
SS,52430,김영웅,0.257,106,416,374,53,96,20,1,17,169,58,6,2,0,3,38,3,1,120,4,0.452,0.325,11,75.0,22,0.777,0.271,0.0,8,0.698,0.844,0.767,0.569,2
SS,69416,이해승,0.25,5,4,4,2,1,0,0,0,1,1,0,0,0,0,0,0,0,1,0,0.25,0.25,2,0.0,0,0.5,0.5,0.0,0,0.5,0.514,0.522,0.5,4
SS,65040,김태훈,0.238,42,87,84,4,20,1,0,2,27,7,1,0,1,0,2,0,0,21,0,0.321,0.256,2,100.0,2,0.577,0.176,0.25,1,0.523,0.624,0.574,0.509,4
SS,61404,김헌곤,0.237,61,172,156,19,37,6,0,2,49,9,2,1,2,1,9,0,4,24,4,0.314,0.294,0,66.7,6,0.608,0.103,0.333,3,0.523,0.694,0.663,0.526,3
SS,66406,안주형,0.235,8,18,17,3,4,0,0,1,7,2,0,1,0,0,1,0,0,5,1,0.412,0.278,2,0.0,0,0.69,0.0,0.0,1,0.512,0.522,0.53,0.509,4
SS,52415,이재현,0.231,120,473,389,63,90,21,0,12,147,53,6,0,8,8,58,1,10,103,8,0.378,0.34,21,100.0,20,0.718,0.229,0.333,6,0.64,0.898,0.885,0.552,0
SS,51407,이창용,0.214,10,16,14,2,3,1,0,1,7,2,1,0,0,0,2,0,0,7,0,0.5,0.313,1,100.0,0,0.813,0.167,0.0,1,0.512,0.526,0.536,0.509,4
SS,55440,함수호,0.214,6,14,14,1,3,0,0,0,3,1,0,0,0,0,0,0,0,6,0,0.214,0.214,0,0.0,1,0.428,0.25,0.0,0,0.5,0.514,0.517,0.5,4
SS,75125,박병호,0.202,67,207,173,25,35,4,0,15,84,33,0,0,0,2,26,0,6,60,5,0.486,0.324,2,0.0,9,0.81,0.224,0.0,0,0.674,0.696,0.694,0.5,0
SS,69403,양우현,0.2,11,15,15,3,3,1,0,0,4,3,0,0,0,0,0,0,0,2,0,0.267,0.2,1,0.0,0,0.467,0.333,0.0,0,0.5,0.531,0.529,0.5,4
SS,69428,이병헌,0.196,42,49,46,3,9,2,0,1,14,7,0,0,0,0,2,0,1,10,0,0.304,0.245,2,0.0,2,0.549,0.333,0.0,0,0.512,0.619,0.584,0.5,4
SS,68463,윤정빈,0.189,23,43,37,3,7,1,0,0,8,3,0,0,0,2,4,0,0,16,1,0.216,0.256,0,0.0,2,0.472,0.286,0.2,0,0.5,0.559,0.549,0.5,4
SS,66409,이성규,0.165,49,105,85,8,14,3,1,3,28,13,2,1,1,2,10,0,7,39,2,0.329,0.298,1,66.7,1,0.627,0.154,0.111,3,0.535,0.627,0.605,0.526,4
SS,55438,심재훈,0.152,28,38,33,7,5,0,0,0,5,1,3,1,1,0,4,0,0,12,0,0.152,0.243,0,75.0,2,0.395,0.125,0.0,4,0.5,0.57,0.563,0.534,4
SS,67005,홍현빈,0.148,21,32,27,3,4,2,0,0,6,0,0,0,2,0,3,0,0,7,0,0.222,0.233,1,0.0,0,0.455,0.25,0.2,0,0.5,0.555,0.556,0.5,4
SS,65132,김재성,0.133,37,70,60,3,8,2,0,0,10,4,0,0,1,1,6,0,2,22,0,0.167,0.232,0,0.0,1,0.399,0.133,0.0,0,0.5,0.591,0.568,0.5,4
SS,54401,김대호,0.0,1,0,0,0,0,0,0,0,0,0,0,0,0,0,0,0,0,0,0,0.0,0.0,0,0.0,0,0.0,0.0,0.0,0,0.5,,,0.5,3
SS,65062,김재윤,0.0,2,0,0,0,0,0,0,0,0,0,0,0,0,0,0,0,0,0,0,0.0,0.0,0,0.0,0,0.0,0.0,0.0,0,0.5,,,0.5,3
SS,52424,김재혁,0.0,5,3,2,1,0,0,0,0,0,0,0,0,0,0,1,0,0,2,0,0.0,0.333,0,0.0,0,0.333,0.0,0.0,0,0.5,0.508,0.531,0.5,4
SK,52803,김태윤,1.0,5,2,1,0,1,0,0,0,1,0,0,1,0,0,1,0,0,0,0,1.0,1.0,0,0.0,0,2.0,0.0,1.0,1,0.5,0.533,0.582,0.509,4
SK,54815,정현승,0.5,3,2,2,0,1,1,0,0,2,0,0,0,0,0,0,0,0,0,0,1.0,0.5,0,0.0,0,1.5,0.0,0.0,0,0.5,0.513,0.53,0.5,4
SK,50868,류효승,0.372,12,45,43,9,16,3,0,3,28,6,0,1,0,0,1,0,1,10,1,0.651,0.4,0,0.0,5,1.051,0.222,0.0,1,0.535,0.542,0.549,0.509,4
SK,53827,에레디아,0.333,80,346,309,36,103,15,0,11,151,42,1,1,1,1,29,4,6,46,7,0.489,0.4,1,50.0,29,0.889,0.37,0.0,2,0.628,0.801,0.806,0.517,0
SK,67893,박성한,0.275,108,456,378,61,104,21,1,6,145,40,4,6,2,2,71,1,3,80,5,0.384,0.392,16,40.0,26,0.776,0.271,0.5,10,0.57,0.887,0.947,0.586,3
SK,62895,한유섬,0.275,110,442,393,43,108,21,0,13,168,59,1,0,1,1,42,3,5,100,6,0.427,0.351,2,100.0,32,0.778,0.273,0.333,1,0.651,0.879,0.834,0.509,2
SK,51868,고명준,0.271,110,423,395,36,107,19,1,12,164,52,1,0,0,7,19,1,2,82,12,0.415,0.303,2,100.0,36,0.718,0.221,0.0,1,0.64,0.872,0.756,0.509,2
SK,66864,안상현,0.27,83,230,204,30,55,6,1,3,72,10,13,5,6,2,16,0,2,70,2,0.353,0.326,6,72.2,15,0.679,0.205,0.0,18,0.535,0.761,0.692,0.655,2
SK,50840,현원회,0.264,18,56,53,4,14,1,0,0,15,4,0,0,0,0,3,0,0,16,2,0.283,0.304,0,0.0,3,0.587,0.25,0.0,0,0.5,0.553,0.55,0.5,4
SK,50854,최지훈,0.26,122,503,453,54,118,12,3,4,148,32,27,6,3,5,38,2,4,79,1,0.327,0.32,3,81.8,30,0.647,0.256,0.286,33,0.547,0.926,0.852,0.784,2
SK,52804,석정우,0.255,25,52,47,3,12,1,0,2,19,4,0,0,0,0,4,0,1,18,1,0.404,0.327,4,0.0,0,0.731,0.222,0.0,0,0.523,0.573,0.567,0.5,4
SK,51865,조형우,0.243,84,246,226,21,55,8,0,4,75,21,0,0,1,2,14,0,3,50,5,0.332,0.294,2,0.0,11,0.626,0.233,0.0,0,0.547,0.766,0.698,0.5,3
SK,54812,정준재,0.232,114,386,327,49,76,7,3,0,89,22,33,6,14,1,42,0,2,84,4,0.272,0.323,8,84.6,18,0.595,0.264,0.167,39,0.5,0.87,0.836,0.836,1
SK,79456,이지영,0.232,67,199,181,13,42,6,1,3,59,18,2,1,3,2,11,0,2,19,8,0.326,0.281,2,66.7,13,0.607,0.19,0.0,3,0.535,0.716,0.684,0.526,3
SK,76802,김성현,0.231,51,128,108,15,25,3,0,1,31,10,1,1,4,1,14,0,1,20,2,0.287,0.323,4,50.0,2,0.61,0.233,0.429,2,0.512,0.661,0.673,0.517,4
SK,75847,최정,0.231,82,348,294,45,68,11,0,18,133,55,0,0,0,1,42,5,11,83,9,0.452,0.348,2,0.0,18,0.8,0.25,0.0,0,0.709,0.763,0.765,0.5,0
SK,60558,오태곤,0.204,107,220,186,27,38,6,0,5,59,26,21,5,3,1,29,0,1,56,4,0.317,0.313,2,80.8,9,0.63,0.2,0.267,26,0.558,0.819,0.811,0.724,1
SK,55844,맥브룸,0.203,22,80,74,8,15,3,0,4,30,11,0,0,0,0,5,2,1,28,2,0.405,0.263,0,0.0,4,0.668,0.261,0.0,0,0.547,0.558,0.545,0.5,4
SK,62934,김성욱,0.2,40,96,90,7,18,5,0,1,26,11,1,2,0,0,5,0,1,25,2,0.289,0.25,0,33.3,5,0.539,0.25,0.0,3,0.512,0.611,0.576,0.526,4
SK,68868,최준우,0.193,75,185,145,17,28,0,0,3,37,22,2,0,3,4,30,0,3,44,3,0.255,0.335,1,100.0,5,0.59,0.282,0.154,2,0.535,0.723,0.763,0.517,3
SK,69804,채현우,0.184,30,42,38,5,7,1,1,1,13,9,1,0,0,1,3,0,0,11,1,0.342,0.238,1,100.0,2,0.58,0.273,0.0,1,0.512,0.58,0.563,0.509,4
SK,66662,신범수,0.182,29,39,33,1,6,1,0,1,10,3,0,0,0,0,5,0,1,7,0,0.303,0.308,0,0.0,0,0.611,0.143,0.4,0,0.512,0.584,0.604,0.5,4
SK,66917,김찬형,0.178,44,78,73,4,13,2,0,0,15,5,0,0,1,0,3,0,1,13,3,0.205,0.221,4,0.0,3,0.426,0.25,0.0,0,0.5,0.622,0.584,0.5,4
SK,54805,박지환,0.15,31,68,60,3,9,0,0,0,9,4,0,1,3,1,4,0,0,19,1,0.15,0.2,5,0.0,1,0.35,0.176,0.0,1,0.5,0.578,0.549,0.509,4
SK,68805,최상민,0.143,23,9,7,5,1,0,0,0,1,1,1,1,0,0,1,0,1,5,0,0.143,0.333,0,50.0,0,0.476,0.0,0.0,2,0.5,0.552,0.55,0.517,4
SK,69813,하재훈,0.143,18,61,56,6,8,0,0,3,17,8,1,2,0,1,4,0,0,21,1,0.304,0.197,1,33.3,1,0.501,0.167,0.0,3,0.535,0.543,0.531,0.526,4
SK,67900,김수윤,0.091,7,12,11,0,1,0,0,0,1,0,0,0,0,0,0,0,1,4,0,0.091,0.167,2,0.0,0,0.258,0.0,0.0,0,0.5,0.515,0.517,0.5,4
SK,71837,김강민,0.0,1,0,0,0,0,0,0,0,0,0,0,0,0,0,0,0,0,0,0,0.0,0.0,0,0.0,0,0.0,0.0,0.0,0,0.5,,,0.5,3
SK,51867,김건우,0.0,1,0,0,0,0,0,0,0,0,0,0,0,0,0,0,0,0,0,0,0.0,0.0,0,0.0,0,0.0,0.0,0.0,0,0.5,,,0.5,3
SK,69825,김창평,0.0,4,0,0,1,0,0,0,0,0,0,0,0,0,0,0,0,0,0,0,0.0,0.0,0,0.0,0,0.0,0.0,0.0,0,0.5,,,0.5,3
NC,51903,김정호,0.444,7,10,9,2,4,0,0,0,4,0,0,0,1,0,0,0,0,4,0,0.444,0.444,0,0.0,1,0.888,0.0,0.0,0,0.5,0.525,0.532,0.5,4
NC,50902,김한별,0.34,56,54,47,11,16,0,0,0,16,5,1,0,1,0,3,0,3,4,2,0.34,0.415,2,100.0,2,0.755,0.462,0.0,1,0.5,0.707,0.727,0.509,3
NC,62907,박민우,0.306,111,452,389,63,119,24,8,3,168,67,28,8,4,4,43,5,12,61,5,0.432,0.388,10,77.8,36,0.82,0.436,0.0,36,0.535,0.914,0.917,0.81,1
NC,51907,김주원,0.301,121,538,465,89,140,22,7,13,215,53,38,9,4,2,53,1,14,92,8,0.462,0.388,24,80.9,36,0.85,0.295,0.0,47,0.651,0.949,0.937,0.905,2
NC,51996,오태양,0.3,12,11,10,6,3,0,0,0,3,1,2,1,0,0,1,0,0,2,0,0.3,0.364,1,66.7,0,0.664,0.75,0.0,3,0.5,0.54,0.555,0.526,4
NC,79215,박건우,0.296,101,360,311,36,92,18,1,6,130,54,2,4,1,5,39,2,4,51,6,0.418,0.376,2,33.3,27,0.794,0.314,0.375,6,0.57,0.865,0.879,0.552,3
NC,54944,데이비슨,0.288,89,347,312,47,90,13,0,28,187,74,1,0,0,8,20,1,7,97,9,0.599,0.337,2,100.0,25,0.936,0.242,0.0,1,0.826,0.795,0.713,0.509,0
NC,69992,최정원,0.28,81,153,118,36,33,3,0,0,36,11,30,6,4,1,18,0,12,21,0,0.305,0.423,1,83.3,9,0.728,0.194,0.25,36,0.5,0.785,0.848,0.81,1
NC,69995,서호철,0.267,86,238,217,17,58,5,1,2,71,24,6,3,7,4,6,0,4,43,6,0.327,0.294,6,66.7,14,0.621,0.254,0.143,9,0.523,0.781,0.687,0.578,2
NC,63260,이우성,0.254,84,274,244,20,62,18,1,2,88,27,2,1,0,3,25,0,2,52,8,0.361,0.325,3,66.7,16,0.686,0.206,0.333,3,0.523,0.775,0.751,0.526,2
NC,54908,고승완,0.25,7,4,4,3,1,0,0,0,1,0,1,1,0,0,0,0,0,1,0,0.25,0.25,0,50.0,0,0.5,0.0,0.0,2,0.5,0.52,0.524,0.517,4
NC,50906,박영빈,0.25,15,5,4,8,1,0,0,0,1,1,4,1,0,0,1,0,0,2,0,0.25,0.4,0,80.0,0,0.65,1.0,0.0,5,0.5,0.543,0.569,0.543,4
NC,68904,오영수,0.248,48,124,109,8,27,2,0,3,38,19,2,2,0,0,13,0,2,32,0,0.349,0.339,1,50.0,7,0.688,0.321,0.267,4,0.535,0.649,0.648,0.534,4
NC,68912,김형준,0.245,106,347,306,44,75,9,1,17,137,51,3,0,1,2,36,0,2,106,7,0.448,0.327,4,100.0,16,0.775,0.31,0.25,3,0.698,0.832,0.772,0.526,0
NC,67905,천재환,0.241,106,243,216,41,52,8,2,6,82,24,15,4,5,3,15,0,4,46,3,0.38,0.298,1,78.9,10,0.678,0.235,0.25,19,0.57,0.838,0.76,0.664,1
NC,66606,최원준,0.24,105,366,337,51,81,10,3,6,115,37,17,6,1,3,20,0,5,59,5,0.341,0.29,3,73.9,18,0.631,0.229,0.2,23,0.57,0.845,0.757,0.698,1
NC,63963,권희동,0.233,114,396,313,50,73,20,0,6,111,35,5,3,4,2,67,0,10,76,10,0.355,0.383,1,62.5,16,0.738,0.221,0.1,8,0.57,0.884,0.967,0.569,3
NC,51344,김휘집,0.233,119,420,365,53,85,13,1,15,145,42,9,0,1,0,31,0,23,79,5,0.397,0.332,16,100.0,23,0.729,0.218,0.333,9,0.674,0.895,0.838,0.578,0
NC,69203,송승환,0.2,13,15,15,0,3,1,0,0,4,2,0,0,0,0,0,0,0,6,0,0.267,0.2,0,0.0,0,0.467,0.667,0.286,0,0.5,0.532,0.517,0.5,4
NC,50996,박시원,0.196,48,57,51,12,10,2,0,1,15,4,1,0,1,0,5,0,0,17,1,0.294,0.268,0,100.0,0,0.562,0.273,0.5,1,0.512,0.631,0.603,0.509,4
NC,66965,도태훈,0.193,41,71,57,6,11,4,1,0,17,4,2,0,5,0,6,0,3,11,2,0.298,0.303,3,100.0,2,0.601,0.2,0.0,2,0.5,0.621,0.627,0.517,4
NC,64101,한석현,0.193,51,134,109,16,21,4,0,3,34,20,1,1,4,2,12,0,7,27,1,0.312,0.308,1,50.0,6,0.62,0.276,0.167,2,0.535,0.651,0.648,0.517,4
NC,50903,한재환,0.185,16,31,27,2,5,0,0,0,5,4,0,0,0,0,2,0,2,14,0,0.185,0.29,0,0.0,0,0.475,0.3,0.2,0,0.5,0.539,0.535,0.5,4
NC,50600,홍종표,0.174,54,81,69,14,12,0,0,0,12,2,1,1,4,1,7,0,0,22,1,0.174,0.247,2,50.0,1,0.421,0.095,0.0,2,0.5,0.645,0.609,0.517,4
NC,62244,박세혁,0.143,40,77,70,6,10,2,0,2,18,8,0,0,0,1,5,0,1,27,4,0.257,0.208,3,0.0,2,0.465,0.167,0.1,0,0.523,0.595,0.551,0.5,4
NC,64022,안중열,0.136,29,55,44,2,6,3,0,0,9,6,0,0,1,0,8,0,2,13,0,0.205,0.296,2,0.0,0,0.501,0.222,0.0,0,0.5,0.577,0.598,0.5,4
NC,53992,박한결,0.118,8,19,17,2,2,0,0,2,8,3,0,0,0,0,2,0,0,8,0,0.471,0.211,0,0.0,0,0.682,0.25,0.0,0,0.523,0.517,0.524,0.5,4
NC,69980,김범준,0.0,1,1,1,0,0,0,0,0,0,0,0,0,0,0,0,0,0,1,0,0.0,0.0,0,0.0,0,0.0,0.0,0.0,0,0.5,0.5,0.512,0.5,4
NC,68900,김영규,0.0,1,0,0,0,0,0,0,0,0,0,0,0,0,0,0,0,0,0,0,0.0,0.0,0,0.0,0,0.0,0.0,0.0,0,0.5,,,0.5,3
NC,55995,김태훈,0.0,1,0,0,0,0,0,0,0,0,0,0,0,0,0,0,0,0,0,0,0.0,0.0,0,0.0,0,0.0,0.0,0.0,0,0.5,,,0.5,3
OB,51203,안재석,0.393,16,62,56,11,22,8,1,1,35,9,0,0,1,0,5,1,0,11,3,0.625,0.443,0,0.0,9,1.068,0.474,0.0,0,0.512,0.56,0.577,0.5,4
OB,76232,양의지,0.327,120,487,425,53,139,23,1,19,221,83,3,2,0,6,49,6,7,60,9,0.52,0.4,5,60.0,40,0.92,0.361,0.0,5,0.721,0.962,0.973,0.543,0
OB,55252,박준순,0.311,76,255,241,33,75,10,2,4,101,18,8,2,2,3,8,0,1,41,5,0.419,0.332,21,80.0,19,0.751,0.273,0.0,10,0.547,0.766,0.703,0.586,2
OB,55208,케이브,0.299,117,511,461,62,138,25,5,14,215,74,15,1,0,8,38,1,4,102,7,0.466,0.352,1,93.8,45,0.818,0.287,0.0,16,0.663,0.921,0.848,0.638,2
OB,54236,임종성,0.277,33,89,83,7,23,4,0,2,33,11,1,0,1,1,3,0,1,26,1,0.398,0.307,2,100.0,4,0.705,0.333,1.0,1,0.523,0.601,0.572,0.509,4
OB,50208,오명진,0.269,92,344,309,37,83,14,4,4,117,41,4,1,5,3,24,1,3,85,3,0.379,0.324,8,80.0,21,0.703,0.247,0.0,5,0.547,0.803,0.732,0.543,2
OB,79231,정수빈,0.268,121,509,433,84,116,13,4,6,155,37,24,13,7,3,56,2,10,50,6,0.358,0.363,3,64.9,27,0.721,0.231,1.0,37,0.57,0.943,0.961,0.819,1
OB,52267,김동준,0.254,26,75,71,7,18,3,0,2,27,9,1,1,1,0,3,0,0,20,1,0.38,0.284,1,50.0,3,0.664,0.28,0.286,2,0.523,0.577,0.56,0.517,4
OB,64468,박계범,0.248,79,167,145,19,36,7,2,1,50,22,2,1,7,1,13,0,1,39,4,0.345,0.313,5,66.7,7,0.658,0.333,0.0,3,0.512,0.746,0.704,0.526,2
OB,66112,김기연,0.247,82,190,170,16,42,8,0,1,53,19,0,0,4,2,13,0,1,34,6,0.312,0.301,3,0.0,9,0.613,0.238,0.235,0,0.512,0.761,0.716,0.5,2
OB,67207,이유찬,0.247,74,285,247,33,61,8,1,1,74,16,11,2,6,1,29,0,2,62,4,0.3,0.33,8,84.6,11,0.63,0.206,0.0,13,0.512,0.739,0.724,0.612,2
OB,63257,김인태,0.245,91,189,151,15,37,9,1,3,57,24,0,1,0,1,32,0,5,44,2,0.377,0.392,1,0.0,4,0.769,0.286,0.378,1,0.535,0.795,0.868,0.509,3
OB,64153,양석환,0.242,64,263,231,29,56,14,0,6,88,25,0,0,0,3,24,1,5,72,6,0.381,0.323,4,0.0,13,0.704,0.224,0.0,0,0.57,0.699,0.671,0.5,3
OB,78224,김재환,0.239,92,374,318,39,76,11,2,11,124,44,6,2,0,2,50,3,4,87,4,0.39,0.348,0,75.0,18,0.738,0.25,0.0,8,0.628,0.801,0.808,0.569,0
OB,63123,강승호,0.237,101,351,317,46,75,19,3,7,121,35,12,3,2,3,20,1,9,105,6,0.382,0.298,7,80.0,17,0.68,0.241,0.4,15,0.581,0.811,0.697,0.629,1
OB,66209,조수행,0.234,92,110,94,23,22,3,0,0,25,7,23,6,7,0,9,0,0,23,1,0.266,0.301,1,79.3,5,0.567,0.161,0.5,29,0.5,0.782,0.739,0.75,1
OB,53554,김민석,0.23,82,228,209,17,48,5,3,1,62,20,3,2,2,3,12,1,2,60,3,0.297,0.274,5,60.0,12,0.571,0.25,0.143,5,0.512,0.746,0.655,0.543,3
OB,68362,추재현,0.228,31,85,79,7,18,3,1,1,26,7,0,0,2,0,3,0,1,17,2,0.329,0.265,0,0.0,3,0.594,0.115,0.286,0,0.512,0.592,0.571,0.5,4
OB,66928,박준영,0.225,41,126,111,9,25,8,0,1,36,10,3,0,1,1,10,0,3,32,1,0.324,0.304,8,100.0,6,0.628,0.179,0.0,3,0.512,0.622,0.608,0.526,4
OB,55226,김준상,0.2,9,17,15,1,3,1,0,0,4,0,0,0,1,0,0,0,1,8,0,0.267,0.25,0,0.0,1,0.517,0.0,0.0,0,0.5,0.521,0.518,0.5,4
OB,69238,김대한,0.194,16,37,36,1,7,0,0,1,10,5,0,1,0,0,1,0,0,6,0,0.278,0.216,1,0.0,2,0.494,0.167,0.0,1,0.512,0.545,0.539,0.509,4
OB,55224,이선우,0.182,10,11,11,0,2,1,0,0,3,0,0,0,0,0,0,0,0,2,0,0.273,0.182,1,0.0,0,0.455,0.0,0.333,0,0.5,0.526,0.525,0.5,4
OB,50204,박지훈,0.167,25,8,6,3,1,0,0,0,1,0,0,0,1,0,0,0,1,2,1,0.167,0.286,1,0.0,0,0.453,0.0,0.0,0,0.5,0.565,0.552,0.5,4
OB,65269,김민혁,0.118,10,21,17,2,2,0,0,1,5,1,0,0,0,0,4,0,0,6,0,0.294,0.286,0,0.0,0,0.58,0.0,0.0,0,0.512,0.524,0.546,0.5,4
OB,54205,여동건,0.105,18,20,19,5,2,0,0,0,2,2,0,1,0,0,1,0,0,2,1,0.105,0.15,1,0.0,0,0.255,0.333,0.333,1,0.5,0.544,0.54,0.509,4
OB,54219,류현준,0.095,16,21,21,2,2,0,0,0,2,0,0,0,0,0,0,0,0,6,1,0.095,0.095,1,0.0,0,0.19,0.0,0.143,0,0.5,0.534,0.51,0.5,4
OB,54214,전다민,0.091,20,11,11,5,1,0,0,0,1,0,3,0,0,0,0,0,0,0,1,0.091,0.091,1,100.0,0,0.182,0.5,0.0,3,0.5,0.549,0.533,0.526,4
OB,51269,강현구,0.0,1,2,2,0,0,0,0,0,0,0,0,0,0,0,0,0,0,1,0,0.0,0.0,0,0.0,0,0.0,0.0,0.0,0,0.5,0.501,0.515,0.5,4
OB,72523,고효준,0.0,1,0,0,0,0,0,0,0,0,0,0,0,0,0,0,0,0,0,0,0.0,0.0,0,0.0,0,0.0,0.0,0.0,0,0.5,,,0.5,3
OB,74206,김재호,0.0,1,0,0,0,0,0,0,0,0,0,0,0,0,0,0,0,0,0,0,0.0,0.0,0,0.0,0,0.0,0.0,0.0,0,0.5,,,0.5,3
HT,78603,김선빈,0.326,67,257,227,27,74,18,1,3,103,39,3,0,2,1,25,0,2,25,7,0.454,0.396,7,100.0,20,0.85,0.353,0.286,3,0.535,0.749,0.775,0.526,3
HT,52605,김도영,0.309,30,122,110,20,34,9,0,7,64,27,3,0,0,2,10,1,0,23,3,0.582,0.361,5,100.0,10,0.943,0.294,1.0,3,0.581,0.602,0.607,0.526,4
HT,72443,최형우,0.304,117,491,415,65,126,28,1,20,216,75,0,0,0,4,64,8,8,89,7,0.52,0.403,0,0.0,33,0.923,0.301,0.667,0,0.733,0.933,0.966,0.5,0
HT,61353,고종욱,0.296,46,123,115,13,34,2,0,3,45,16,2,1,0,3,5,1,0,17,2,0.391,0.317,0,66.7,7,0.708,0.321,0.438,3,0.535,0.655,0.632,0.526,4
HT,52667,윤도현,0.288,20,78,73,12,21,3,0,5,39,10,1,0,0,0,4,0,1,16,0,0.534,0.333,6,100.0,7,0.867,0.25,0.0,1,0.558,0.565,0.566,0.509,4
HT,65653,김호령,0.286,84,309,269,37,77,23,3,6,124,38,8,1,8,1,28,0,3,71,3,0.461,0.359,5,88.9,22,0.82,0.288,0.0,9,0.57,0.786,0.76,0.578,2
HT,62947,나성범,0.282,61,244,206,26,58,13,0,9,98,32,0,0,0,0,34,1,4,56,6,0.476,0.393,0,0.0,14,0.869,0.246,0.5,0,0.605,0.706,0.737,0.5,0
HT,64646,박찬호,0.281,114,511,442,68,124,15,1,3,150,31,24,4,7,5,55,0,2,56,4,0.339,0.359,15,85.7,33,0.698,0.272,0.0,28,0.535,0.92,0.924,0.741,1
HT,69636,오선우,0.275,103,399,367,53,101,16,1,16,167,50,0,1,0,0,30,2,2,127,9,0.455,0.333,10,0.0,29,0.788,0.24,0.167,1,0.686,0.835,0.739,0.509,2
HT,67609,박정우,0.274,53,75,62,17,17,2,0,0,19,4,2,1,0,0,10,0,3,12,1,0.306,0.4,0,66.7,2,0.706,0.267,0.0,3,0.5,0.678,0.725,0.526,3
HT,78122,김태군,0.271,91,253,218,20,59,10,1,5,86,30,0,0,7,3,17,1,8,20,6,0.394,0.341,7,0.0,16,0.735,0.292,0.0,0,0.558,0.818,0.807,0.5,2
HT,67610,김석환,0.269,42,119,104,14,28,1,2,2,39,15,0,0,0,1,12,0,2,46,0,0.375,0.353,0,0.0,6,0.728,0.36,0.625,0,0.523,0.626,0.612,0.5,4
HT,55926,정현창,0.25,11,9,8,1,2,0,0,0,2,0,0,1,0,0,1,0,0,1,0,0.25,0.333,0,0.0,0,0.583,0.0,0.25,1,0.5,0.535,0.554,0.509,4
HT,63722,한승택,0.25,13,22,20,3,5,1,0,0,6,0,0,0,0,0,1,0,1,6,1,0.3,0.318,0,0.0,1,0.618,0.125,0.5,0,0.5,0.538,0.542,0.5,4
HT,55645,위즈덤,0.239,103,435,377,68,90,18,1,31,203,75,3,0,0,5,49,2,4,119,9,0.538,0.329,11,100.0,22,0.867,0.2,0.5,3,0.86,0.831,0.789,0.526,0
HT,68646,한준수,0.236,85,229,199,31,47,12,1,6,79,22,0,0,0,3,24,1,3,38,3,0.397,0.323,3,0.0,10,0.72,0.167,0.222,0,0.57,0.774,0.771,0.5,3
HT,66614,김규성,0.232,114,193,168,27,39,4,0,2,49,14,5,2,5,0,18,0,2,45,1,0.292,0.314,9,71.4,8,0.606,0.234,0.833,7,0.523,0.853,0.804,0.56,3
HT,69727,변우혁,0.218,47,153,142,11,31,7,0,0,38,17,0,0,0,0,10,0,1,47,3,0.268,0.275,4,0.0,9,0.543,0.311,0.2,0,0.5,0.634,0.593,0.5,4
HT,50657,박민,0.211,55,85,76,9,16,4,0,1,23,6,1,0,2,0,4,0,3,28,1,0.303,0.277,2,100.0,4,0.58,0.267,0.25,1,0.512,0.652,0.593,0.509,4
HT,65610,황대인,0.189,18,57,53,3,10,3,0,1,16,8,0,0,0,1,3,0,0,14,0,0.302,0.228,2,0.0,3,0.53,0.25,0.0,0,0.512,0.549,0.541,0.5,4
HT,65464,최정용,0.167,4,6,6,0,1,0,0,0,1,0,0,0,0,0,0,0,0,2,1,0.167,0.167,0,0.0,0,0.334,0.0,0.0,0,0.5,0.509,0.517,0.5,4
HT,64560,이창진,0.161,37,113,93,11,15,3,0,1,21,9,0,2,1,1,16,0,2,22,2,0.226,0.295,1,0.0,2,0.521,0.143,0.5,2,0.512,0.604,0.626,0.517,4
HT,78168,서건창,0.136,10,26,22,1,3,1,0,1,7,2,1,0,2,0,2,0,0,5,1,0.318,0.208,0,100.0,0,0.526,0.0,0.333,1,0.512,0.525,0.533,0.509,4
HT,55636,박재현,0.111,39,40,36,7,4,1,0,0,5,2,4,2,0,1,3,0,0,16,0,0.139,0.175,1,66.7,0,0.314,0.077,0.167,6,0.5,0.585,0.534,0.552,4
HT,53659,정해원,0.056,10,21,18,4,1,0,0,0,1,0,0,0,0,0,3,0,0,6,4,0.056,0.19,0,0.0,0,0.246,0.143,0.0,0,0.5,0.52,0.533,0.5,4
HT,69620,김기훈,0.0,1,1,1,0,0,0,0,0,0,0,0,0,0,0,0,0,0,1,0,0.0,0.0,0,0.0,0,0.0,0.0,0.0,0,0.5,0.5,0.512,0.5,4
HT,60337,김대유,0.0,1,0,0,0,0,0,0,0,0,0,0,0,0,0,0,0,0,0,0,0.0,0.0,0,0.0,0,0.0,0.0,0.0,0,0.5,,,0.5,3
HT,68928,김시훈,0.0,3,0,0,0,0,0,0,0,0,0,0,0,0,0,0,0,0,0,0,0.0,0.0,0,0.0,0,0.0,0.0,0.0,0,0.5,,,0.5,3
HT,65665,이준영,0.0,1,0,0,0,0,0,0,0,0,0,0,0,0,0,0,0,0,0,0,0.0,0.0,0,0.0,0,0.0,0.0,0.0,0,0.5,,,0.5,3
HT,66609,전상현,0.0,1,0,0,0,0,0,0,0,0,0,0,0,0,0,0,0,0,0,0,0.0,0.0,0,0.0,0,0.0,0.0,0.0,0,0.5,,,0.5,3
KT,52001,안현민,0.332,95,406,331,58,110,13,4,18,185,67,7,0,0,3,64,5,8,61,3,0.559,0.448,8,100.0,32,1.007,0.315,0.0,7,0.709,0.866,0.953,0.56,0
KT,68504,이호연,0.327,20,56,52,8,17,4,0,1,24,4,0,0,1,0,2,0,1,9,2,0.462,0.364,1,0.0,4,0.826,0.333,0.143,0,0.512,0.569,0.572,0.5,4
KT,64004,김민혁,0.291,100,392,357,49,104,12,2,0,120,34,11,3,4,1,24,1,6,36,11,0.336,0.345,2,78.6,27,0.681,0.269,0.286,14,0.5,0.863,0.829,0.621,2
KT,55013,스티븐슨,0.29,22,98,93,16,27,7,0,2,40,7,2,0,0,0,3,0,2,24,0,0.43,0.327,0,100.0,8,0.757,0.25,0.0,2,0.523,0.57,0.562,0.517,4
KT,79240,허경민,0.274,98,408,358,38,98,16,0,3,123,32,4,1,2,3,32,1,13,30,14,0.344,0.352,7,80.0,28,0.696,0.241,0.0,5,0.535,0.855,0.851,0.543,2
KT,76313,황재균,0.272,95,358,323,41,88,15,0,6,121,35,3,1,1,2,30,1,2,73,2,0.375,0.336,4,75.0,24,0.711,0.393,0.125,4,0.57,0.823,0.778,0.534,2
KT,68050,강백호,0.269,78,314,275,34,74,17,1,13,132,51,1,4,0,1,35,3,3,52,9,0.48,0.357,1,20.0,20,0.837,0.304,0.4,5,0.651,0.767,0.777,0.543,0
KT,69056,박민석,0.263,19,21,19,5,5,1,1,0,8,1,0,1,0,0,2,0,0,4,0,0.421,0.333,2,0.0,1,0.754,0.0,0.0,1,0.5,0.56,0.572,0.509,4
KT,67644,이정훈,0.262,51,140,126,20,33,4,0,4,49,14,0,1,0,0,11,0,3,46,3,0.389,0.336,1,0.0,6,0.725,0.276,0.313,1,0.547,0.655,0.627,0.509,4
KT,64504,오윤석,0.256,77,184,156,30,40,8,1,0,50,19,0,0,8,1,12,0,7,41,4,0.321,0.335,1,0.0,8,0.656,0.302,0.3,0,0.5,0.746,0.709,0.5,2
KT,78548,장성우,0.253,114,421,364,36,92,13,0,10,135,50,0,1,1,7,49,1,0,83,12,0.371,0.336,4,0.0,23,0.707,0.19,0.25,1,0.616,0.884,0.866,0.509,2
KT,79402,김상수,0.251,97,368,311,33,78,13,0,4,103,43,3,0,4,6,46,1,1,50,6,0.331,0.343,8,100.0,18,0.674,0.289,0.25,3,0.547,0.833,0.853,0.526,3
KT,67025,로하스,0.239,95,384,331,48,79,20,0,14,141,43,1,1,0,4,48,3,1,71,9,0.426,0.333,4,50.0,18,0.759,0.227,0.167,2,0.663,0.815,0.818,0.517,0
KT,51003,권동진,0.225,107,282,244,29,55,11,2,1,73,20,3,1,6,1,30,0,1,81,7,0.299,0.312,15,75.0,12,0.611,0.246,0.5,4,0.512,0.824,0.772,0.534,3
KT,64115,장준원,0.225,56,122,111,6,25,3,0,0,28,10,0,0,4,1,6,0,0,19,3,0.252,0.263,3,0.0,6,0.515,0.231,0.0,0,0.5,0.67,0.63,0.5,4
KT,50066,강현우,0.222,31,63,54,4,12,1,0,1,16,6,0,0,1,0,8,0,0,12,1,0.296,0.323,3,0.0,2,0.619,0.267,0.444,0,0.512,0.594,0.612,0.5,4
KT,64007,문상철,0.213,67,191,160,20,34,5,1,4,53,17,1,1,2,3,21,0,5,38,3,0.331,0.317,0,50.0,6,0.648,0.171,0.25,2,0.547,0.706,0.707,0.517,3
KT,68089,조대현,0.207,54,71,58,6,12,3,0,0,15,11,0,0,4,0,7,0,2,16,0,0.259,0.313,4,0.0,1,0.572,0.4,1.0,0,0.5,0.659,0.657,0.5,4
KT,64166,배정대,0.207,94,272,237,25,49,11,2,2,70,28,6,3,7,3,18,0,7,63,4,0.295,0.279,1,66.7,11,0.574,0.281,0.2,9,0.523,0.783,0.704,0.578,3
KT,52002,김병준,0.2,9,5,5,2,1,0,0,0,1,0,0,0,0,0,0,0,0,2,0,0.2,0.2,0,0.0,0,0.4,0.0,0.0,0,0.5,0.522,0.517,0.5,4
KT,66706,장진혁,0.193,70,133,119,17,23,3,1,2,34,15,1,0,4,1,9,0,0,39,1,0.286,0.248,1,100.0,4,0.534,0.194,0.176,1,0.523,0.692,0.619,0.509,4
KT,67006,안치영,0.179,37,38,28,7,5,1,0,0,6,4,0,2,3,1,3,0,3,9,1,0.214,0.314,0,0.0,0,0.528,0.222,0.0,2,0.5,0.603,0.605,0.517,4
KT,51007,최성민,0.105,32,21,19,3,2,0,0,0,2,2,1,0,1,0,1,0,0,5,0,0.105,0.15,1,100.0,0,0.255,0.5,0.0,1,0.5,0.575,0.539,0.509,4
KT,51013,유준규,0.077,23,32,26,6,2,0,0,0,2,3,1,1,0,0,6,0,0,9,0,0.077,0.25,0,50.0,0,0.327,0.125,0.0,2,0.5,0.553,0.576,0.517,4
KT,50092,윤준혁,0.063,23,17,16,2,1,1,0,0,2,0,1,0,1,0,0,0,0,5,0,0.125,0.063,0,100.0,0,0.188,0.0,0.0,1,0.5,0.546,0.5,0.509,4
KT,69064,강민성,0.034,24,35,29,0,1,0,0,0,1,1,0,0,0,1,5,0,0,14,1,0.034,0.171,0,0.0,0,0.205,0.0,0.0,0,0.5,0.545,0.54,0.5,4
KT,51005,김건형,0.0,2,1,1,0,0,0,0,0,0,0,0,0,0,0,0,0,0,0,0,0.0,0.0,0,0.0,0,0.0,0.0,0.0,0,0.5,0.504,0.517,0.5,4
KT,54097,김민석,0.0,2,0,0,0,0,0,0,0,0,0,0,0,0,0,0,0,0,0,0,0.0,0.0,0,0.0,0,0.0,0.0,0.0,0,0.5,,,0.5,3
KT,65048,김민수,0.0,1,0,0,0,0,0,0,0,0,0,0,0,0,0,0,0,0,0,0,0.0,0.0,0,0.0,0,0.0,0.0,0.0,0,0.5,,,0.5,3
KT,55046,박건우,0.0,1,0,0,0,0,0,0,0,0,0,0,0,0,0,0,0,0,0,0,0.0,0.0,0,0.0,0,0.0,0.0,0.0,0,0.5,,,0.5,3
WO,54305,이재상,0.5,2,2,2,0,1,0,0,0,1,0,0,0,0,0,0,0,0,1,0,0.5,0.5,1,0.0,0,1.0,0.0,0.0,0,0.5,0.507,0.521,0.5,4
WO,65357,송성문,0.317,128,572,505,90,160,32,3,24,270,78,22,2,0,3,63,5,1,78,6,0.535,0.392,13,91.7,46,0.927,0.337,0.333,24,0.779,0.992,0.998,0.707,0
WO,51302,이주형,0.313,11,17,16,2,5,0,0,0,5,2,0,0,0,0,1,0,0,7,0,0.313,0.353,0,0.0,1,0.666,0.6,0.143,0,0.5,0.533,0.536,0.5,4
WO,76267,최주환,0.272,111,471,427,43,116,31,1,12,185,67,0,0,0,6,33,2,5,63,7,0.433,0.327,6,0.0,29,0.76,0.274,0.667,0,0.64,0.894,0.834,0.5,2
WO,68305,변상권,0.263,12,20,19,2,5,2,0,0,7,4,0,0,0,1,0,0,0,2,0,0.368,0.25,0,0.0,0,0.618,0.333,0.167,0,0.5,0.538,0.538,0.5,4
WO,53344,김동헌,0.257,44,82,74,8,19,3,0,0,22,8,0,0,0,1,6,0,1,21,0,0.297,0.317,1,0.0,2,0.614,0.35,0.5,0,0.5,0.635,0.617,0.5,4
WO,54444,카디네스,0.253,86,361,320,33,81,15,1,7,119,42,1,2,0,3,32,2,6,67,7,0.372,0.33,4,33.3,21,0.702,0.284,0.0,3,0.581,0.787,0.76,0.526,2
WO,50304,김병휘,0.25,7,6,4,2,1,0,0,0,1,0,0,0,0,0,2,0,0,1,0,0.25,0.5,0,0.0,0,0.75,0.0,0.0,0,0.5,0.523,0.562,0.5,4
WO,64340,임지열,0.246,86,345,305,43,75,11,2,9,117,37,11,4,1,2,35,0,2,96,8,0.384,0.326,2,73.3,15,0.71,0.294,0.6,15,0.605,0.773,0.732,0.629,2
WO,50167,이주형,0.243,112,459,395,48,96,16,1,10,144,39,15,1,3,0,35,2,26,102,6,0.365,0.344,1,93.8,25,0.709,0.25,0.143,16,0.616,0.875,0.817,0.638,0
WO,55326,스톤,0.241,22,93,87,4,21,0,0,2,27,15,0,0,0,1,5,0,0,24,2,0.31,0.28,1,0.0,6,0.59,0.286,1.0,0,0.523,0.565,0.556,0.5,4
WO,69332,주성원,0.241,44,127,112,18,27,3,0,0,30,8,3,0,0,0,11,0,4,33,2,0.268,0.331,1,100.0,7,0.599,0.2,0.333,3,0.5,0.634,0.626,0.526,4
WO,53312,김건희,0.234,89,285,269,19,63,15,2,2,88,19,2,1,6,2,8,0,0,83,6,0.327,0.254,5,66.7,15,0.581,0.203,0.222,3,0.523,0.765,0.622,0.526,3
WO,55397,전태현,0.228,71,196,171,18,39,5,0,0,44,10,3,0,3,2,20,0,0,54,2,0.257,0.306,4,100.0,8,0.563,0.297,0.273,3,0.5,0.713,0.683,0.526,3
WO,64984,김태진,0.227,88,284,260,26,59,11,2,5,89,24,0,0,2,2,20,1,0,47,6,0.342,0.28,8,0.0,12,0.622,0.167,0.231,0,0.558,0.779,0.721,0.5,3
WO,55392,어준서,0.227,100,297,269,38,61,7,0,4,80,18,1,0,3,1,23,1,1,66,9,0.297,0.289,23,100.0,15,0.586,0.2,0.182,1,0.547,0.81,0.738,0.509,3
WO,64346,임병욱,0.226,41,110,106,8,24,3,1,1,32,10,1,0,0,1,3,0,0,25,3,0.302,0.245,0,100.0,5,0.547,0.28,0.267,1,0.512,0.619,0.573,0.509,4
WO,50357,박주홍,0.223,87,220,193,23,43,7,1,3,61,17,9,1,1,2,23,0,1,61,3,0.316,0.306,3,90.0,9,0.622,0.182,0.182,10,0.535,0.761,0.722,0.586,3
WO,66838,김동엽,0.222,9,29,27,2,6,2,0,0,8,2,0,0,0,0,2,0,0,11,1,0.296,0.276,0,0.0,2,0.572,0.5,0.0,0,0.5,0.523,0.529,0.5,4
WO,54344,고영우,0.217,14,26,23,4,5,1,0,0,6,2,0,0,1,0,2,0,0,6,2,0.261,0.28,2,0.0,1,0.541,0.3,0.0,0,0.5,0.539,0.546,0.5,4
WO,78756,오선진,0.214,90,150,131,10,28,6,0,1,37,17,0,0,4,1,11,0,3,43,2,0.282,0.288,4,0.0,6,0.57,0.283,0.0,0,0.512,0.76,0.687,0.5,3
WO,52366,푸이그,0.212,40,172,156,17,33,2,0,6,53,20,0,0,0,0,12,0,4,38,1,0.34,0.285,2,0.0,9,0.625,0.256,0.0,0,0.57,0.619,0.601,0.5,4
WO,62332,김재현,0.208,62,128,120,12,25,5,0,0,30,5,1,0,4,0,1,0,3,31,1,0.25,0.234,4,100.0,5,0.484,0.132,0.0,1,0.5,0.676,0.582,0.509,4
WO,78135,이형종,0.206,30,79,68,4,14,3,0,2,23,6,1,0,2,0,8,0,1,22,3,0.338,0.299,0,100.0,1,0.637,0.2,0.286,1,0.523,0.584,0.585,0.509,4
WO,75566,이원석,0.2,3,6,5,1,1,0,0,0,1,0,0,0,0,0,1,0,0,2,1,0.2,0.333,0,0.0,0,0.533,0.0,0.0,0,0.5,0.507,0.525,0.5,4
WO,62925,강진성,0.182,6,13,11,1,2,0,0,0,2,1,0,0,0,0,2,0,0,1,2,0.182,0.308,0,0.0,1,0.49,0.2,0.0,0,0.5,0.517,0.539,0.5,4
WO,54307,원성준,0.174,24,53,46,5,8,1,0,2,15,4,0,0,0,0,7,0,0,18,1,0.326,0.283,0,0.0,3,0.609,0.333,0.2,0,0.523,0.562,0.568,0.5,4
WO,55393,여동욱,0.171,19,41,35,3,6,1,0,1,10,1,0,0,1,0,5,0,0,15,2,0.286,0.275,3,0.0,0,0.561,0.0,0.4,0,0.512,0.547,0.552,0.5,4
WO,52305,박수종,0.154,32,40,39,4,6,0,0,1,9,2,1,0,0,0,1,0,0,12,0,0.231,0.175,0,100.0,2,0.406,0.091,0.0,1,0.512,0.578,0.531,0.509,4
